{
  "version": "multi_centroid_v2",
  "malicious_types": [
    "direct_harm",
    "diverse_harm",
    "jailbreak",
    "moral_harm",
    "toxic"
  ],
  "normal_types": [
    "daily_chat",
    "academic",
    "programming",
    "tech_security",
    "xstest",
    "or_bench",
    "alpaca",
    "original"
  ],
  "malicious_centroids": {
    "direct_harm": [
      0.1068810522556305,
      -0.17458230257034302,
      0.16982805728912354,
      -0.028082260861992836,
      -0.19896741211414337,
      -0.09251438081264496,
      0.4673641622066498,
      0.14446112513542175,
      -0.17321498692035675,
      -0.06577008217573166,
      0.01665523461997509,
      -0.24488000571727753,
      -0.2268703579902649,
      0.09467660635709763,
      0.03991544991731644,
      -0.21423278748989105,
      -0.11714496463537216,
      -0.3193482756614685,
      -0.5681727528572083
    ],
    "diverse_harm": [
      0.10538683086633682,
      -0.2533578872680664,
      -0.04887550696730614,
      -0.05064641684293747,
      -0.3100183308124542,
      -0.09292162954807281,
      0.1519746333360672,
      -0.013803449459373951,
      -0.04549436643719673,
      0.06659694015979767,
      0.05737321823835373,
      -0.4495721757411957,
      -0.28148019313812256,
      0.0400473028421402,
      -0.12335501611232758,
      -0.24325013160705566,
      -0.4049355089664459,
      -0.05266686901450157,
      -0.5077763199806213
    ],
    "jailbreak": [
      -0.12554316222667694,
      0.019622430205345154,
      0.09224140644073486,
      -0.020522769540548325,
      -0.10199786722660065,
      -0.17512384057044983,
      0.04601626470685005,
      -0.3045100271701813,
      -0.1234341412782669,
      -0.0760355219244957,
      -0.15157465636730194,
      -0.5506130456924438,
      -0.004316085483878851,
      0.052379708737134933,
      -0.07433424890041351,
      -0.10031931102275848,
      -0.557588517665863,
      -0.28634315729141235,
      -0.2838878333568573
    ],
    "moral_harm": [
      0.16290493309497833,
      0.052359938621520996,
      0.0510617271065712,
      0.0024514554534107447,
      -0.017016401514410973,
      -0.14112773537635803,
      0.229617178440094,
      0.2742888033390045,
      -0.5327349305152893,
      0.1586572676897049,
      -0.06095188856124878,
      -0.18141452968120575,
      0.08036091178655624,
      -0.12883418798446655,
      0.0822497233748436,
      -0.08605779707431793,
      -0.6300780177116394,
      0.19972242414951324,
      0.014922757633030415
    ],
    "toxic": [
      0.03583494573831558,
      -0.07285375148057938,
      0.2800285518169403,
      -0.13509558141231537,
      -0.20451585948467255,
      -0.2701379358768463,
      0.1349528282880783,
      -0.09739641845226288,
      -0.33266475796699524,
      -0.12803371250629425,
      -0.1978645622730255,
      -0.09560295939445496,
      -0.31546926498413086,
      -0.024511590600013733,
      -0.08966629952192307,
      -0.37281540036201477,
      -0.4598243832588196,
      -0.19267156720161438,
      -0.2884080410003662
    ]
  },
  "normal_centroids": {
    "daily_chat": [
      -0.15881776809692383,
      0.25130215287208557,
      -0.2947039306163788,
      0.18504726886749268,
      0.22102564573287964,
      0.28641706705093384,
      -0.14377476274967194,
      -0.002879448002204299,
      0.31823745369911194,
      0.2502732574939728,
      0.207393079996109,
      0.28679460287094116,
      0.22764115035533905,
      0.011435066349804401,
      0.0045010740868747234,
      0.3443521559238434,
      0.3399411141872406,
      0.2028556615114212,
      0.1500987857580185
    ],
    "academic": [
      -0.20076122879981995,
      0.2677080035209656,
      -0.30565541982650757,
      0.17143628001213074,
      0.19281400740146637,
      0.2691255509853363,
      -0.1815982311964035,
      -0.05189182236790657,
      0.37738171219825745,
      0.17804397642612457,
      0.1966324895620346,
      0.23912359774112701,
      0.20706507563591003,
      0.05934806168079376,
      -0.006383881904184818,
      0.3599686324596405,
      0.3845004141330719,
      0.1431206315755844,
      0.07505831122398376
    ],
    "programming": [
      -0.2605060338973999,
      0.2623434066772461,
      -0.2972352206707001,
      0.20151232182979584,
      0.20680947601795197,
      0.25455033779144287,
      -0.1470606029033661,
      -0.09052024781703949,
      0.40682241320610046,
      0.16388292610645294,
      0.20212715864181519,
      0.20134858787059784,
      0.21190722286701202,
      0.06969772279262543,
      -0.024153653532266617,
      0.37571853399276733,
      0.3456049859523773,
      0.10007956624031067,
      0.04735015705227852
    ],
    "tech_security": [
      -0.19476576149463654,
      0.16176393628120422,
      -0.30401307344436646,
      0.20698247849941254,
      0.21421754360198975,
      0.2742728590965271,
      -0.07317395508289337,
      0.008900213986635208,
      0.4280179440975189,
      0.22838526964187622,
      0.2567056715488434,
      0.23430202901363373,
      0.21232089400291443,
      0.0946308821439743,
      0.04461798444390297,
      0.3590472936630249,
      0.3439548909664154,
      0.12111932039260864,
      -0.00378974131308496
    ],
    "xstest": [
      -0.16154825687408447,
      0.20575737953186035,
      -0.29837140440940857,
      0.1683293581008911,
      0.20352110266685486,
      0.26294493675231934,
      -0.162119060754776,
      0.02270173281431198,
      0.3489072620868683,
      0.21642842888832092,
      0.22300277650356293,
      0.255244642496109,
      0.2357766479253769,
      0.03448300436139107,
      0.022795606404542923,
      0.3669411540031433,
      0.3602166473865509,
      0.2317059189081192,
      0.13416610658168793
    ],
    "or_bench": [
      -0.12693749368190765,
      0.1750810444355011,
      -0.293056845664978,
      0.15754573047161102,
      0.20714689791202545,
      0.2802025377750397,
      -0.12749817967414856,
      0.02983975037932396,
      0.391093909740448,
      0.17045742273330688,
      0.21935723721981049,
      0.2118847370147705,
      0.2513890862464905,
      0.046238936483860016,
      0.035874199122190475,
      0.3732925057411194,
      0.4232059121131897,
      0.125208780169487,
      0.16789542138576508
    ],
    "alpaca": [
      -0.17808619141578674,
      0.22551344335079193,
      -0.3002950847148895,
      0.16725124418735504,
      0.18751150369644165,
      0.2852112650871277,
      -0.1606587916612625,
      -0.02833465300500393,
      0.39026862382888794,
      0.1890641301870346,
      0.22879713773727417,
      0.24445420503616333,
      0.2000245749950409,
      0.05079459026455879,
      -0.022741274908185005,
      0.360414981842041,
      0.38434699177742004,
      0.16220830380916595,
      0.09464532136917114
    ],
    "original": [
      -0.19491328299045563,
      0.25953659415245056,
      -0.27176228165626526,
      0.1859341859817505,
      0.23416869342327118,
      0.2754776179790497,
      -0.134712815284729,
      -0.027373019605875015,
      0.3449126183986664,
      0.18279631435871124,
      0.21161337196826935,
      0.2611961364746094,
      0.23486699163913727,
      0.05455627664923668,
      0.00620844354853034,
      0.367490291595459,
      0.3790794909000397,
      0.14332441985607147,
      0.11726538836956024
    ]
  },
  "threshold": -0.3453607817061214
}