{
  "version": "multi_centroid_v1",
  "malicious_types": [
    "direct_harm",
    "diverse_harm",
    "jailbreak",
    "moral_harm",
    "toxic"
  ],
  "centroids": {
    "direct_harm": [
      -0.05119931697845459,
      -0.2084079384803772,
      -0.29456230998039246,
      -0.1812909096479416,
      -0.274341881275177,
      -0.3445919454097748,
      0.2800595760345459,
      0.3344646692276001,
      0.24091720581054688,
      -0.14482083916664124,
      -0.16271202266216278,
      -0.1864617019891739,
      -0.28377971053123474,
      -0.09146055579185486,
      0.01426627580076456,
      -0.30157992243766785,
      0.2980653941631317,
      -0.07983539253473282,
      -0.1856890171766281
    ],
    "diverse_harm": [
      -0.05582481995224953,
      -0.20672790706157684,
      -0.31556522846221924,
      -0.19945301115512848,
      -0.29568514227867126,
      -0.35553932189941406,
      0.26599034667015076,
      0.3189446032047272,
      0.20603077113628387,
      -0.14977282285690308,
      -0.1895347535610199,
      -0.22386370599269867,
      -0.27213579416275024,
      -0.12461093068122864,
      -0.009497425518929958,
      -0.29299265146255493,
      0.2646586298942566,
      -0.025283299386501312,
      -0.1770501285791397
    ],
    "jailbreak": [
      -0.35208195447921753,
      -0.008785964921116829,
      -0.33247628808021545,
      -0.1323026418685913,
      -0.20281188189983368,
      -0.2152874618768692,
      0.1184420958161354,
      -0.1892041265964508,
      0.0490519143640995,
      -0.09821630269289017,
      -0.29361939430236816,
      -0.46807679533958435,
      -0.02794780395925045,
      -0.10216699540615082,
      -0.05211549997329712,
      -0.40077996253967285,
      -0.2488119751214981,
      -0.1955064833164215,
      -0.13622677326202393
    ],
    "moral_harm": [
      -0.14955845475196838,
      -0.08561848849058151,
      -0.06373246014118195,
      -0.265587717294693,
      -0.2219354510307312,
      -0.3792559802532196,
      0.1428174078464508,
      0.2697928547859192,
      -0.33588936924934387,
      -0.07605747133493423,
      -0.353010356426239,
      -0.22353175282478333,
      0.0016166642308235168,
      -0.32080963253974915,
      0.04892183467745781,
      -0.11109191179275513,
      -0.24411273002624512,
      0.37270504236221313,
      -0.009071122854948044
    ],
    "toxic": [
      -0.303890585899353,
      0.020054904744029045,
      0.09437178820371628,
      -0.06831429898738861,
      -0.17245948314666748,
      -0.3308942914009094,
      0.14334483444690704,
      -0.08660529553890228,
      0.14438293874263763,
      0.05531858280301094,
      -0.177854523062706,
      0.27966615557670593,
      -0.38824042677879333,
      0.0022488923277705908,
      -0.0006482525495812297,
      -0.44567230343818665,
      -0.21105258166790009,
      -0.12043993920087814,
      -0.4292237460613251
    ]
  },
  "threshold": 0.2497171267315622,
  "train_samples": {
    "direct_harm": 200,
    "diverse_harm": 200,
    "jailbreak": 286,
    "moral_harm": 200,
    "toxic": 200
  },
  "normal_samples": 1750
}