{
  "model_name": "BAAI/bge-base-en-v1.5",
  "projection_dim": 128,
  "best_f1": 0.9147609147609147,
  "best_certain_acc": 1.0,
  "best_epoch": 7,
  "metrics": {
    "loss": 1.3935811494787533,
    "binary_acc": 0.9609929078014184,
    "precision": 0.9539748953974896,
    "recall": 0.9539748953974896,
    "f1": 0.9539748953974896,
    "fpr": 0.033846153846153845,
    "gray_acc": 1.0,
    "gray_zone_ratio": 0.005319148936170213,
    "certain_acc": 0.9607843137254902
  }
}