{
  "model_name": "BAAI/bge-base-en-v1.5",
  "projection_dim": 128,
  "best_f1": 0.9795361527967258,
  "best_epoch": 11,
  "metrics": {
    "loss": 1.1719218524212534,
    "binary_acc": 0.9899598393574297,
    "precision": 0.9782016348773842,
    "recall": 0.9808743169398907,
    "f1": 0.9795361527967258,
    "fpr": 0.0070921985815602835,
    "gray_acc": 1.0
  }
}