{
  "config": "32d_3c",
  "datasets": {
    "harmbench": {
      "name": "HarmBench",
      "samples": 300,
      "accuracy": 0.9966666666666667,
      "f1": 0.9983305509181971,
      "precision": 1.0,
      "recall": 0.9966666666666667,
      "fpr": 0.0,
      "fnr": 0.0033333333333333335,
      "tn": 0,
      "fp": 0,
      "fn": 1,
      "tp": 299
    },
    "jailbreakbench": {
      "name": "JailbreakBench",
      "samples": 486,
      "accuracy": 0.8024691358024691,
      "f1": 0.8904109589041096,
      "precision": 1.0,
      "recall": 0.8024691358024691,
      "fpr": 0.0,
      "fnr": 0.19753086419753085,
      "tn": 0,
      "fp": 0,
      "fn": 96,
      "tp": 390
    },
    "beavertails": {
      "name": "BeaverTails",
      "samples": 500,
      "accuracy": 0.994,
      "f1": 0.9969909729187563,
      "precision": 1.0,
      "recall": 0.994,
      "fpr": 0.0,
      "fnr": 0.006,
      "tn": 0,
      "fp": 0,
      "fn": 3,
      "tp": 497
    },
    "alpaca": {
      "name": "Alpaca",
      "samples": 500,
      "accuracy": 0.998,
      "f1": 0.0,
      "precision": 0.0,
      "recall": 0.0,
      "fpr": 0.002,
      "fnr": 0.0,
      "tn": 499,
      "fp": 1,
      "fn": 0,
      "tp": 0
    },
    "dolly": {
      "name": "Dolly",
      "samples": 500,
      "accuracy": 0.97,
      "f1": 0.0,
      "precision": 0.0,
      "recall": 0.0,
      "fpr": 0.03,
      "fnr": 0.0,
      "tn": 485,
      "fp": 15,
      "fn": 0,
      "tp": 0
    },
    "openassistant": {
      "name": "OpenAssistant",
      "samples": 500,
      "accuracy": 0.548,
      "f1": 0.0,
      "precision": 0.0,
      "recall": 0.0,
      "fpr": 0.452,
      "fnr": 0.0,
      "tn": 274,
      "fp": 226,
      "fn": 0,
      "tp": 0
    },
    "toxicchat": {
      "name": "ToxicChat",
      "samples": 1000,
      "accuracy": 0.517,
      "f1": 0.40296662546353523,
      "precision": 0.2781569965870307,
      "recall": 0.7309417040358744,
      "fpr": 0.5444015444015444,
      "fnr": 0.26905829596412556,
      "tn": 354,
      "fp": 423,
      "fn": 60,
      "tp": 163
    },
    "gray_benign": {
      "name": "Gray-Benign",
      "samples": 400,
      "accuracy": 1.0,
      "f1": 0.0,
      "precision": 0.0,
      "recall": 0.0,
      "fpr": 0.0,
      "fnr": 0.0,
      "tn": 400,
      "fp": 0,
      "fn": 0,
      "tp": 0
    },
    "gray_harmful": {
      "name": "Gray-Harmful",
      "samples": 300,
      "accuracy": 1.0,
      "f1": 1.0,
      "precision": 1.0,
      "recall": 1.0,
      "fpr": 0.0,
      "fnr": 0.0,
      "tn": 0,
      "fp": 0,
      "fn": 0,
      "tp": 300
    }
  }
}