{
  "version": "v4_max_separation",
  "malicious_samples": 2170,
  "normal_samples": 3219,
  "threshold": 0.9198742210865003,
  "centroid_separation": -0.9995471239089966,
  "malicious_centroid": [
    -0.42392268776893616,
    -0.15676185488700867,
    0.21209366619586945,
    -0.021759070456027985,
    -0.11593171209096909,
    -0.2385150045156479,
    0.09884683042764664,
    -0.04082062467932701,
    0.2037365585565567,
    0.08063697069883347,
    -0.13769890367984772,
    -0.47171550989151,
    -0.1794399619102478,
    -0.04613408446311951,
    0.07197843492031097,
    -0.27135714888572693,
    -0.33955153822898865,
    0.19326148927211761,
    -0.3364759683609009
  ],
  "normal_centroid": [
    0.4196365475654602,
    0.15919604897499084,
    -0.2108602225780487,
    0.021203460171818733,
    0.1161116287112236,
    0.24976348876953125,
    -0.10782225430011749,
    0.040991660207509995,
    -0.19795064628124237,
    -0.08088433742523193,
    0.1373388171195984,
    0.466429740190506,
    0.1955883800983429,
    0.04603509232401848,
    -0.07261186093091965,
    0.27206048369407654,
    0.34872737526893616,
    -0.17805242538452148,
    0.3306933343410492
  ]
}