{
  "version": "v4_enhanced",
  "malicious_samples": 3624,
  "normal_samples": 4369,
  "threshold_95": 0.996897029876709,
  "threshold_99": 0.9994752740859986,
  "centroid_separation": -0.9984940886497498,
  "malicious_centroid": [
    -0.41460248827934265,
    -0.20125338435173035,
    0.26750993728637695,
    -0.03632369637489319,
    -0.0690557211637497,
    -0.2147524207830429,
    -0.06974151730537415,
    0.0281445924192667,
    -0.21879246830940247,
    0.07367955893278122,
    -0.13613899052143097,
    -0.4479793310165405,
    -0.12245777994394302,
    -0.06413466483354568,
    0.07912042737007141,
    -0.24131731688976288,
    -0.37596648931503296,
    0.20051917433738708,
    -0.34712743759155273
  ],
  "normal_centroid": [
    0.4414186477661133,
    0.16849257051944733,
    -0.26428714394569397,
    0.036776352673769,
    0.06937646865844727,
    0.20060822367668152,
    0.0639190524816513,
    -0.02800792269408703,
    0.21224366128444672,
    -0.07352238148450851,
    0.13458888232707977,
    0.46646440029144287,
    0.13328135013580322,
    0.06440765410661697,
    -0.07835833728313446,
    0.24618972837924957,
    0.3589443564414978,
    -0.18996919691562653,
    0.34041962027549744
  ]
}