{
  "version": "v4_enhanced_adaptive_v2",
  "lower_threshold": 0.8500000000000015,
  "upper_threshold": 0.9500000000000016,
  "effective_accuracy": 0.8449539116048216,
  "malicious_centroid": [
    -0.41460248827934265,
    -0.20125338435173035,
    0.26750993728637695,
    -0.03632369637489319,
    -0.0690557211637497,
    -0.2147524207830429,
    -0.06974151730537415,
    0.0281445924192667,
    -0.21879246830940247,
    0.07367955893278122,
    -0.13613899052143097,
    -0.4479793310165405,
    -0.12245777994394302,
    -0.06413466483354568,
    0.07912042737007141,
    -0.24131731688976288,
    -0.37596648931503296,
    0.20051917433738708,
    -0.34712743759155273
  ]
}